,Rank,school_name,Earnings per Dollar (Cost)
2124,1,Augusta University,7.19
1205,2,Leeward Community College,4.32
305,3,Pearl River Community College,4.16
590,4,Westmoreland County Community College,4.0
2203,5,St Charles Community College,3.91
1751,6,Roxbury Community College,3.79
498,7,Clackamas Community College,3.68
2144,8,South Plains College,3.62
1949,9,Cleveland Community College,3.6
2261,10,South Texas College,3.59
1580,11,Indian River State College,3.58
161,12,University of Hawaii-West Oahu,3.58
171,13,Elgin Community College,3.56
932,14,Bismarck State College,3.55
848,15,Moorpark College,3.54
830,16,Foothill College,3.5
1820,17,North Central Michigan College,3.45
1577,18,Palm Beach State College,3.42
1313,19,Middlesex Community College,3.41
1856,20,Raritan Valley Community College,3.37
674,21,Wytheville Community College,3.37
2114,22,University of Connecticut-Stamford,3.34
1771,23,Harford Community College,3.33
1206,24,Honolulu Community College,3.32
782,25,University of Connecticut-Tri-Campus,3.32
659,26,Collin County Community College District,3.31
62,27,Pima Community College,3.3
1204,28,Kapiolani Community College,3.29
984,29,Butler County Community College,3.29
1574,30,Pennsylvania Highlands Community College,3.28
1108,31,Wharton County Junior College,3.26
1811,32,Monroe County Community College,3.25
374,33,Lorain County Community College,3.25
2264,34,Carroll Community College,3.24
202,35,Chattahoochee Valley Community College,3.24
2104,36,Lamar State College-Orange,3.23
1061,37,Galveston College,3.18
232,38,University of Maryland-University College,3.12
1213,39,Joliet Junior College,3.11
822,40,Canada College,3.1
1593,41,Waubonsee Community College,3.1
114,42,Delaware Technical Community College-Terry,3.09
1669,43,Skyline College,3.08
74,44,De Anza College,3.08
496,45,Oklahoma State University-Oklahoma City,3.07
1177,46,Lehigh Carbon Community College,3.06
734,47,North Central Texas College,3.05
1214,48,College of Lake County,3.04
276,49,Frederick Community College,3.04
706,50,Brazosport College,3.04
80,51,Grossmont College,3.02
1917,52,Wayne Community College,3.02
299,53,Schoolcraft College,3.02
785,54,Santiago Canyon College,2.99
2027,55,Southeast Community College Area,2.98
927,56,Sinclair Community College,2.98
2112,57,Northwest Vista College,2.97
889,58,Manchester Community College,2.96
197,59,John A Logan College,2.93
1710,60,Three Rivers Community College,2.93
907,61,Santa Ana College,2.93
251,62,Grand Rapids Community College,2.92
1242,63,Chattahoochee Technical College,2.92
1766,64,Alpena Community College,2.91
1353,65,Massachusetts Maritime Academy,2.9
235,66,Prince George's Community College,2.9
1792,67,Labette Community College,2.89
1649,68,Ventura College,2.89
425,69,Mercer County Community College,2.89
546,70,North Dakota State College of Science,2.87
979,71,Oregon Institute of Technology,2.86
267,72,Triton College,2.85
547,73,Dickinson State University,2.85
361,74,Niagara County Community College,2.84
210,75,Northeast Alabama Community College,2.84
1269,76,Highland Community College,2.83
600,77,Lone Star College System,2.81
1686,78,Georgia Institute of Technology-Main Campus,2.81
682,79,Odessa College,2.79
429,80,CUNY Bernard M Baruch College,2.79
1443,81,Seward County Community College,2.78
605,82,The University of Texas of the Permian Basin,2.78
175,83,City Colleges of Chicago-Wilbur Wright College,2.76
664,84,Midland College,2.76
997,85,Eastern Oklahoma State College,2.76
413,86,Union County College,2.76
1561,87,Citrus College,2.75
1501,88,SUNY Maritime College,2.75
304,89,Northwest Mississippi Community College,2.75
156,90,Brigham Young University-Idaho,2.75
480,91,Oakton Community College,2.75
1270,92,Garden City Community College,2.74
2157,93,Palo Alto College,2.73
1285,94,Cecil College,2.73
380,95,Eastern Gateway Community College,2.72
1314,96,Delta College,2.71
263,97,Kellogg Community College,2.71
1761,98,Bristol Community College,2.71
1632,99,College of the Sequoias,2.71
598,100,Tarrant County College District,2.69
1079,101,San Antonio College,2.68
892,102,Middlesex Community College,2.68
1208,103,Hillsborough Community College,2.68
2145,104,The University of Texas Rio Grande Valley,2.67
609,105,Weber State University,2.67
844,106,Mt San Antonio College,2.67
1724,107,Albany Technical College,2.66
1264,108,Johnson County Community College,2.66
1224,109,Morton College,2.66
1527,110,University of Alaska Anchorage,2.66
1681,111,Tallahassee Community College,2.65
1322,112,Quinsigamond Community College,2.65
619,113,Fox Valley Technical College,2.65
412,114,Central New Mexico Community College,2.65
2243,115,Potomac State College of West Virginia University,2.65
1493,116,Missouri University of Science and Technology,2.64
1250,117,Iowa Central Community College,2.64
2149,118,St Philip's College,2.64
283,119,Hagerstown Community College,2.64
2138,120,Nevada State College,2.63
72,121,City College of San Francisco,2.63
2161,122,Bellevue College,2.63
1243,123,Carl Sandburg College,2.63
2095,124,Amarillo College,2.62
1032,125,Brookhaven College,2.62
2046,126,County College of Morris,2.62
973,127,Oklahoma State University Institute of Technology,2.61
1197,128,Florida Gateway College,2.61
1161,129,Lake Washington Institute of Technology,2.61
1050,130,South Dakota School of Mines and Technology,2.61
972,131,Northern Oklahoma College,2.61
1150,132,Western Wyoming Community College,2.6
1334,133,Muskegon Community College,2.6
66,134,Rio Salado College,2.6
1033,135,Alvin Community College,2.6
383,136,Orange County Community College,2.6
771,137,Chamberlain College of Nursing-Illinois,2.6
449,138,Essex County College,2.6
991,139,Luzerne County Community College,2.59
731,140,Central Texas College,2.59
1728,141,Lewis and Clark Community College,2.59
911,142,Columbus State Community College,2.59
1920,143,Cincinnati State Technical and Community College,2.59
1581,144,Gulf Coast State College,2.59
319,145,St Cloud Technical and Community College,2.59
780,146,Suffolk County Community College,2.58
1071,147,Salt Lake Community College,2.58
1183,148,Chandler-Gilbert Community College,2.58
78,149,Cuyamaca College,2.58
2190,150,Lakeshore Technical College,2.58
1685,151,Georgia Highlands College,2.58
1096,152,John Tyler Community College,2.57
342,153,Coahoma Community College,2.57
813,154,Cerritos College,2.57
2153,155,North Lake College,2.57
215,156,Central Arizona College,2.57
662,157,Kilgore College,2.56
2195,158,Casper College,2.56
977,159,Community College of Allegheny County,2.56
363,160,Schenectady County Community College,2.56
699,161,Vernon College,2.55
1617,162,McHenry County College,2.55
0,163,Erie Community College,2.55
1612,164,Allen County Community College,2.54
1554,165,Cypress College,2.54
1599,166,Lake Land College,2.54
384,167,Farmingdale State College,2.53
1900,168,Ulster County Community College,2.53
146,169,Lake Tahoe Community College,2.53
2047,170,Delaware County Community College,2.53
65,171,GateWay Community College,2.53
1121,172,Madison Area Technical College,2.53
1549,173,Enterprise State Community College,2.53
824,174,Bakersfield College,2.52
419,175,Middlesex County College,2.52
711,176,Las Positas College,2.52
204,177,George C Wallace State Community College-Dothan,2.52
1445,178,Wichita Area Technical College,2.51
1407,179,CUNY Lehman College,2.51
1863,180,Fashion Institute of Technology,2.51
108,181,Chipola College,2.5
928,182,Owens Community College,2.5
926,183,Ohio University-Zanesville Campus,2.49
266,184,Moraine Valley Community College,2.49
829,185,Glendale Community College,2.49
704,186,Ranger College,2.49
465,187,Cloud County Community College,2.49
1486,188,Hinds Community College,2.48
168,189,Lake-Sumter State College,2.48
1601,190,Rock Valley College,2.48
1852,191,University of New Mexico-Valencia County Campus,2.47
2233,192,South Seattle College,2.47
2015,193,Crowder College,2.47
2099,194,Cedar Valley College,2.47
234,195,Montgomery College,2.46
1791,196,Fort Scott Community College,2.46
2142,197,Mid-Plains Community College,2.46
507,198,Bucks County Community College,2.46
142,199,Asnuntuck Community College,2.46
347,200,Northeast Community College,2.45
2194,201,Laramie County Community College,2.45
129,202,Arapahoe Community College,2.45
2231,203,Renton Technical College,2.44
1100,204,Lord Fairfax Community College,2.44
420,205,Camden County College,2.44
201,206,George C Wallace State Community College-Hanceville,2.44
1830,207,Copiah-Lincoln Community College,2.43
196,208,Illinois Central College,2.43
726,209,Coastal Bend College,2.43
617,210,Tacoma Community College,2.43
1913,211,Minot State University,2.43
2146,212,San Jacinto Community College,2.43
1417,213,Columbia-Greene Community College,2.43
1806,214,Kalamazoo Valley Community College,2.42
1356,215,St Clair County Community College,2.42
462,216,North Iowa Area Community College,2.42
1523,217,California State University-Dominguez Hills,2.42
850,218,Oxnard College,2.42
160,219,College of Southern Idaho,2.42
1978,220,Montgomery County Community College,2.41
443,221,Adirondack Community College,2.41
1149,222,Northwest College,2.41
1822,223,Colegio Universitario de San Juan,2.41
1530,224,Northwest-Shoals Community College,2.41
2252,225,Victoria College,2.41
29,226,New River Community and Technical College,2.4
1229,227,Gwinnett Technical College,2.4
888,228,Naugatuck Valley Community College,2.4
398,229,North Central State College,2.4
1907,230,Lakeland Community College,2.4
1627,231,Hutchinson Community College,2.4
1432,232,Sauk Valley Community College,2.4
639,233,Shoreline Community College,2.4
1482,234,Central Community College,2.39
2022,235,State Fair Community College,2.39
1113,236,Germanna Community College,2.39
245,237,Western Iowa Tech Community College,2.39
730,238,Del Mar College,2.39
431,239,Dutchess Community College,2.38
1805,240,Henry Ford College,2.38
1713,241,City Colleges of Chicago-Richard J Daley College,2.38
241,242,Wichita State University,2.37
500,243,Northwestern Oklahoma State University,2.37
18,244,Central Georgia Technical College,2.37
407,245,Tulsa Community College,2.37
127,246,MiraCosta College,2.37
430,247,CUNY Queens College,2.37
1095,248,New River Community College,2.37
159,249,Black Hawk College,2.37
1104,250,Piedmont Virginia Community College,2.37
259,251,Oakland Community College,2.37
359,252,Pitt Community College,2.36
1221,253,Lincoln Land Community College,2.36
604,254,Texas Woman's University,2.36
115,255,Tunxis Community College,2.36
1070,256,Utah Valley University,2.36
990,257,Northampton County Area Community College,2.36
1694,258,Dalton State College,2.36
1196,259,Pasco-Hernando State College,2.36
2057,260,Community College of Beaver County,2.35
332,261,State Technical College of Missouri,2.35
422,262,Rowan College at Gloucester County,2.35
1794,263,Dodge City Community College,2.35
1259,264,Parkland College,2.35
2098,265,El Centro College,2.34
897,266,Florida State College at Jacksonville,2.34
1553,267,Fullerton College,2.34
1086,268,Laredo Community College,2.34
2035,269,Truckee Meadows Community College,2.34
63,270,Scottsdale Community College,2.34
504,271,Oklahoma City Community College,2.33
2232,272,North Seattle College,2.33
460,273,Nassau Community College,2.33
1834,274,CUNY Hunter College,2.33
2171,275,Chippewa Valley Technical College,2.33
198,276,John C Calhoun State Community College,2.32
1082,277,Temple College,2.32
1128,278,Spokane Community College,2.32
1373,279,College of Southern Nevada,2.32
1090,280,Mountain View College,2.32
2246,281,Blinn College,2.32
1859,282,CUNY Queensborough Community College,2.32
1562,283,Chabot College,2.32
2237,284,Central Virginia Community College,2.32
327,285,Jefferson College,2.32
2241,286,Northern Virginia Community College,2.32
800,287,Glendale Community College,2.31
2240,288,Angelina College,2.31
408,289,Northeastern State University,2.31
1921,290,Clark State Community College,2.31
1646,291,Colorado School of Mines,2.3
1592,292,William Rainey Harper College,2.3
1308,293,Bunker Hill Community College,2.3
563,294,Bowling Green State University-Firelands,2.3
2202,295,Paradise Valley Community College,2.3
302,296,Century College,2.3
417,297,New Mexico Institute of Mining and Technology,2.29
1092,298,Lee College,2.29
2223,299,Weatherford College,2.29
1087,300,Midwestern State University,2.29
1115,301,Tidewater Community College,2.29
477,302,SOWELA Technical Community College,2.29
134,303,College of San Mateo,2.29
1808,304,University of Michigan-Dearborn,2.29
1130,305,Pierce College-Fort Steilacoom,2.29
262,306,Mid Michigan Community College,2.28
1981,307,Community College of Rhode Island,2.28
799,308,Snead State Community College,2.28
1207,309,University of Hawaii Maui College,2.28
424,310,Rowan College at Burlington County,2.28
611,311,Brigham Young University-Provo,2.28
107,312,Adventist University of Health Sciences,2.28
109,313,Metropolitan State University of Denver,2.28
1131,314,Olympic College,2.28
1620,315,Illinois Valley Community College,2.27
622,316,Northeast Wisconsin Technical College,2.27
73,317,College of the Canyons,2.27
1568,318,North Arkansas College,2.27
242,319,Butler Community College,2.27
1904,320,Kent State University at Geauga,2.27
660,321,Howard College,2.26
1106,322,Rappahannock Community College,2.26
1120,323,West Virginia University Institute of Technology,2.26
1894,324,SUNY Westchester Community College,2.26
1031,325,El Paso Community College,2.26
2256,326,Estrella Mountain Community College,2.26
260,327,Macomb Community College,2.26
1967,328,Western Oklahoma State College,2.26
194,329,Wiregrass Georgia Technical College,2.26
1665,330,Housatonic Community College,2.26
1355,331,Washtenaw Community College,2.25
2151,332,Richland College,2.25
1726,333,Northwestern Connecticut Community College,2.25
781,334,The Community College of Baltimore County,2.25
2173,335,Waukesha County Technical College,2.25
1734,336,Pittsburg State University,2.25
705,337,Texas A&M University-Texarkana,2.24
1835,338,CUNY John Jay College of Criminal Justice,2.24
2041,339,Mississippi Delta Community College,2.24
995,340,Carl Albert State College,2.24
1565,341,Coastline Community College,2.24
499,342,East Central University,2.24
917,343,Kent State University at Stark,2.24
61,344,Mesa Community College,2.24
925,345,Ohio University-Lancaster Campus,2.24
2228,346,Walla Walla Community College,2.24
1403,347,Jefferson Community College,2.23
976,348,Portland Community College,2.23
2155,349,Georgia State University-Perimeter College,2.23
906,350,Rio Hondo College,2.23
801,351,Cochise County Community College District,2.23
1722,352,North Georgia Technical College,2.23
1297,353,Howard Community College,2.23
104,354,Eastern Florida State College,2.23
1367,355,Brookdale Community College,2.22
1146,356,University of Wisconsin-Platteville,2.22
271,357,Richland Community College,2.22
391,358,Ohio University-Southern Campus,2.22
582,359,Columbia State Community College,2.22
113,360,Gateway Community College,2.22
472,361,Madisonville Community College,2.22
775,362,Cascadia College,2.22
2205,363,NorthWest Arkansas Community College,2.22
1186,364,College of DuPage,2.22
1828,365,Holmes Community College,2.22
2097,366,Eastfield College,2.22
1078,367,Texas A & M University-College Station,2.22
254,368,Northern Essex Community College,2.21
126,369,San Diego Miramar College,2.21
303,370,Jones County Junior College,2.21
655,371,Sheridan College,2.21
174,372,Highland Community College,2.21
1725,373,South Florida State College,2.21
421,374,Bergen Community College,2.2
2200,375,Southwest Wisconsin Technical College,2.2
1692,376,East Georgia State College,2.2
1362,377,East Central Community College,2.2
620,378,Western Technical College,2.2
667,379,Clarendon College,2.2
1125,380,West Virginia Northern Community College,2.2
428,381,SUNY Broome Community College,2.2
390,382,Ohio University-Chillicothe Campus,2.2
2101,383,Texas A & M International University,2.19
2028,384,Metropolitan Community College Area,2.19
481,385,Kankakee Community College,2.19
1837,386,CUNY Brooklyn College,2.19
671,387,Blue Ridge Community College,2.19
724,388,Walters State Community College,2.19
574,389,Nashville State Community College,2.19
1298,390,Lansing Community College,2.19
1924,391,Fayetteville Technical Community College,2.19
1289,392,Gateway Community and Technical College,2.19
154,393,Valencia College,2.18
1323,394,Quincy College,2.18
1396,395,University of New Mexico-Gallup Campus,2.18
1129,396,Clark College,2.18
645,397,Southern West Virginia Community and Technical College,2.18
2164,398,Highline College,2.18
867,399,Merced College,2.18
1938,400,Edison State Community College,2.18
1361,401,Ridgewater College,2.18
1459,402,Metropolitan State University,2.18
410,403,New Mexico State University-Dona Ana,2.18
969,404,Rose State College,2.17
1839,405,CUNY City College,2.17
1155,406,Moraine Park Technical College,2.17
845,407,Palomar College,2.17
95,408,College of Alameda,2.17
1965,409,Southeastern Oklahoma State University,2.17
1425,410,Rockland Community College,2.17
1049,411,Southeast Technical Institute,2.17
1785,412,Southcentral Kentucky Community and Technical College,2.17
1085,413,Panola College,2.16
670,414,Virginia Western Community College,2.16
1970,415,Midlands Technical College,2.16
909,416,University of Akron Wayne College,2.16
1826,417,East Mississippi Community College,2.16
344,418,Bellevue University,2.16
1168,419,Owensboro Community and Technical College,2.16
1521,420,California State University-Los Angeles,2.16
841,421,Aims Community College,2.15
1409,422,CUNY York College,2.15
787,423,Embry-Riddle Aeronautical University-Worldwide,2.15
703,424,University of Houston-Victoria,2.15
1157,425,Whatcom Community College,2.15
1690,426,Darton State College,2.15
150,427,Santa Fe College,2.15
1777,428,McNeese State University,2.15
1720,429,Windward Community College,2.15
326,430,Great Basin College,2.15
2169,431,University of Wisconsin-Whitewater,2.15
311,432,Ozarks Technical Community College,2.14
1688,433,West Georgia Technical College,2.14
1401,434,Genesee Community College,2.14
1709,435,Wilmington University,2.14
1189,436,City Colleges of Chicago-Harold Washington College,2.14
543,437,Lenoir Community College,2.14
183,438,Georgia Northwestern Technical College,2.14
1740,439,North Shore Community College,2.13
1983,440,Rhode Island College,2.13
1934,441,Durham Technical Community College,2.13
1335,442,Michigan Technological University,2.13
826,443,Southeast Arkansas College,2.13
952,444,Elizabeth City State University,2.13
2165,445,Edmonds Community College,2.13
277,446,Central Maine Community College,2.13
278,447,Eastern Maine Community College,2.13
2186,448,Mid-State Technical College,2.13
438,449,Hudson Valley Community College,2.13
1647,450,University of Colorado Denver/Anschutz Medical Campus,2.13
1918,451,University of Cincinnati-Blue Ash College,2.12
149,452,St Petersburg College,2.12
1935,453,Rowan-Cabarrus Community College,2.12
913,454,North Dakota State University-Main Campus,2.12
669,455,J Sargeant Reynolds Community College,2.12
1799,456,Northern Kentucky University,2.12
317,457,Inver Hills Community College,2.11
1392,458,Western Nebraska Community College,2.11
153,459,Saint Johns River State College,2.11
1134,460,Clover Park Technical College,2.11
345,461,Montana Tech of the University of Montana,2.11
1124,462,West Virginia University at Parkersburg,2.11
1447,463,Neosho County Community College,2.11
378,464,Marion Technical College,2.11
145,465,Porterville College,2.11
1051,466,Lake Area Technical Institute,2.11
577,467,Southwest Tennessee Community College,2.1
1290,468,Henderson Community College,2.1
1275,469,Louisiana State University-Eunice,2.1
2154,470,University of Wisconsin Colleges,2.1
1469,471,Northeast Mississippi Community College,2.1
1310,472,College of Southern Maryland,2.1
1607,473,Purdue University-North Central Campus,2.1
1461,474,Riverland Community College,2.1
920,475,Miami University-Hamilton,2.1
1975,476,University of South Carolina-Lancaster,2.1
561,477,University of Cincinnati-Clermont College,2.09
2166,478,Green River College,2.09
1513,479,Heartland Community College,2.09
1626,480,Fort Hays State University,2.09
2230,481,South Puget Sound Community College,2.09
853,482,Southwestern College,2.09
951,483,Wilkes Community College,2.09
1296,484,University of Louisiana at Lafayette,2.09
1232,485,Savannah Technical College,2.09
1220,486,Lanier Technical College,2.09
404,487,Mercy College of Ohio,2.09
1903,488,Kent State University at Salem,2.09
1144,489,University of Wyoming,2.09
1638,490,San Diego Mesa College,2.09
1786,491,Southern University at New Orleans,2.09
1470,492,East Central College,2.08
1248,493,Iowa State University,2.08
1218,494,Kaskaskia College,2.08
732,495,Cisco College,2.08
1133,496,Lower Columbia College,2.08
1455,497,Elizabethtown Community and Technical College,2.08
1606,498,Hawkeye Community College,2.07
1906,499,Cuyahoga Community College District,2.07
1783,500,Nunez Community College,2.07
656,501,Northcentral Technical College,2.07
2174,502,Wisconsin Indianhead Technical College,2.07
2040,503,Southwest Mississippi Community College,2.07
1441,504,Bluegrass Community and Technical College,2.07
346,505,Wayne State College,2.07
38,506,Lamar Institute of Technology,2.07
585,507,Cleveland State Community College,2.07
1018,508,Community College of Philadelphia,2.07
64,509,Phoenix College,2.07
1084,510,College of the Mainland,2.07
728,511,Austin Community College District,2.06
1741,512,Mount Wachusett Community College,2.06
1215,513,Kishwaukee College,2.06
1414,514,San Juan College,2.06
1449,515,Washburn Institute of Technology,2.06
2219,516,Virginia Highlands Community College,2.06
1528,517,Jefferson State Community College,2.06
2245,518,University of Utah,2.06
1780,519,Louisiana State University-Shreveport,2.06
243,520,Jefferson Community and Technical College,2.06
1831,521,Itawamba Community College,2.06
246,522,Washburn University,2.06
836,523,University of Arkansas Community College-Morrilton,2.05
132,524,Santa Rosa Junior College,2.05
1123,525,Shepherd University,2.05
435,526,Fulton-Montgomery Community College,2.05
618,527,University of Wisconsin-Oshkosh,2.05
1963,528,Chemeketa Community College,2.05
2225,529,Northeast Texas Community College,2.05
1209,530,Seminole State College of Florida,2.05
1810,531,Jackson College,2.05
961,532,Nash Community College,2.05
542,533,Forsyth Technical Community College,2.05
1412,534,Cayuga County Community College,2.04
2170,535,University of Wisconsin-Stout,2.04
2198,536,American Samoa Community College,2.04
1223,537,Rend Lake College,2.04
608,538,Utah State University,2.04
610,539,Tyler Junior College,2.04
1699,540,North Idaho College,2.04
1237,541,Bainbridge State College,2.04
309,542,Metropolitan Community College-Kansas City,2.04
643,543,Wenatchee Valley College,2.04
248,544,West Kentucky Community and Technical College,2.04
1391,545,Peru State College,2.04
2025,546,University of Nebraska at Omaha,2.04
918,547,Kent State University at Tuscarawas,2.04
1739,548,Massasoit Community College,2.04
2045,549,University of Nevada-Las Vegas,2.04
1842,550,Monroe Community College,2.04
1989,551,Aiken Technical College,2.04
1541,552,California Polytechnic State University-San Luis Obispo,2.04
1413,553,Corning Community College,2.03
93,554,Allan Hancock College,2.03
372,555,Kent State University at East Liverpool,2.03
1152,556,University of Wisconsin-Eau Claire,2.03
2004,557,Minnesota State University-Mankato,2.03
904,558,Pasadena City College,2.03
895,559,Daytona State College,2.03
1602,560,John Wood Community College,2.03
1154,561,Blackhawk Technical College,2.03
445,562,Clinton Community College,2.03
797,563,University of Alaska Fairbanks,2.03
1872,564,SUNY College at Old Westbury,2.03
1249,565,Iowa Western Community College,2.02
1774,566,University of Louisiana at Monroe,2.02
371,567,Kent State University at Trumbull,2.02
653,568,Seattle Central College,2.02
1147,569,University of Wisconsin-La Crosse,2.02
233,570,Holyoke Community College,2.02
1884,571,New Mexico Junior College,2.02
493,572,Delgado Community College,2.02
41,573,Pierce College-Puyallup,2.02
2167,574,Everett Community College,2.02
2133,575,Blue Ridge Community and Technical College,2.02
1705,576,University of Delaware,2.02
1533,577,Arkansas State University-Beebe,2.02
1969,578,Trident Technical College,2.02
1613,579,Southeastern Community College,2.02
1662,580,Red Rocks Community College,2.01
1484,581,Chadron State College,2.01
569,582,Technical College of the Lowcountry,2.01
1170,583,Athens Technical College,2.01
708,584,Columbia Basin College,2.01
2064,585,Terra State Community College,2.01
1858,586,CUNY New York City College of Technology,2.01
1111,587,Latter-day Saints Business College,2.01
31,588,South Louisiana Community College,2.01
318,589,Minnesota State Community and Technical College,2.01
790,590,James H Faulkner State Community College,2.0
512,591,Pennsylvania State University-Penn State Brandywine,2.0
2134,592,River Parishes Community College,2.0
1251,593,Indian Hills Community College,2.0
47,594,California State University-Fullerton,2.0
464,595,Barton County Community College,2.0
1068,596,University of Houston-Downtown,2.0
16,597,University of North Georgia,2.0
111,598,Front Range Community College,2.0
1911,599,Wake Technical Community College,1.99
1833,600,College of Staten Island CUNY,1.99
320,601,Northland Community and Technical College,1.99
1782,602,Louisiana State University-Alexandria,1.99
392,603,Miami University-Middletown,1.99
540,604,Johnston Community College,1.99
224,605,Des Moines Area Community College,1.99
729,606,Houston Community College,1.99
1639,607,Reedley College,1.99
2158,608,Warren County Community College,1.99
1575,609,Oconee Fall Line Technical College,1.99
1813,610,Montcalm Community College,1.99
668,611,Thomas Nelson Community College,1.98
1608,612,Iowa Lakes Community College,1.98
1624,613,South Suburban College,1.98
256,614,Worcester State University,1.98
642,615,Skagit Valley College,1.98
2220,616,Mountain Empire Community College,1.98
1768,617,University of Maryland-College Park,1.98
1823,618,Saint Cloud State University,1.98
1631,619,Shasta College,1.98
494,620,Nicholls State University,1.98
1539,621,South Mountain Community College,1.97
1655,622,National University,1.97
1579,623,University of Florida,1.97
1762,624,MCPHS University,1.97
1778,625,Louisiana Tech University,1.97
955,626,Edgecombe Community College,1.97
1142,627,Caribbean University-Bayamon,1.97
1244,628,City Colleges of Chicago-Harry S Truman College,1.97
640,629,Yakima Valley College,1.97
1977,630,Pennsylvania State University-Penn State Abington,1.97
630,631,University of Wisconsin-River Falls,1.97
1721,632,South Georgia Technical College,1.97
2013,633,Mineral Area College,1.97
1598,634,Prairie State College,1.96
1460,635,South Central College,1.96
1910,636,University of North Dakota,1.96
237,637,Massachusetts Bay Community College,1.96
1107,638,The University of Texas at Tyler,1.96
854,639,Solano Community College,1.96
1576,640,Florida International University,1.96
1733,641,Cowley County Community College,1.96
967,642,University of Central Oklahoma,1.96
1175,643,Harrisburg Area Community College-Harrisburg,1.95
1659,644,Monterey Peninsula College,1.95
2147,645,Tarleton State University,1.95
2087,646,Motlow State Community College,1.95
993,647,Peirce College,1.95
213,648,H Councill Trenholm State Community College,1.95
887,649,Quinebaug Valley Community College,1.95
1191,650,Danville Area Community College,1.95
1045,651,South Dakota State University,1.95
1059,652,Hill College,1.95
1609,653,Marshalltown Community College,1.94
834,654,Eastern Arizona College,1.94
423,655,Ocean County College,1.94
616,656,West Virginia University,1.94
1919,657,University of North Carolina at Charlotte,1.94
310,658,Missouri Southern State University,1.94
485,659,Indiana University-Kokomo,1.94
916,660,Ohio State University-Mansfield Campus,1.94
1952,661,Ohio State University-Newark Campus,1.94
1957,662,Connors State College,1.94
793,663,Central Alabama Community College,1.94
335,664,Minnesota West Community and Technical College,1.94
937,665,SUNY at Binghamton,1.94
1171,666,College of Micronesia-FSM,1.94
1964,667,Southwestern Oklahoma State University,1.94
837,668,Long Beach City College,1.93
1641,669,University of Colorado Colorado Springs,1.93
92,670,University of Arkansas-Fort Smith,1.93
1504,671,University of Washington-Tacoma Campus,1.93
597,672,Texas Tech University,1.93
497,673,Linn-Benton Community College,1.93
1267,674,Emporia State University,1.93
1551,675,Gadsden State Community College,1.93
1294,676,Our Lady of the Lake College,1.93
1097,677,James Madison University,1.93
211,678,University of Alaska Southeast,1.93
1093,679,George Mason University,1.93
1300,680,University of Michigan-Ann Arbor,1.93
411,681,Rutgers University-Newark,1.92
282,682,Fitchburg State University,1.92
2148,683,McLennan Community College,1.92
2007,684,Central Lakes College-Brainerd,1.92
1272,685,University of New Orleans,1.92
1661,686,Napa Valley College,1.92
661,687,Grayson College,1.92
1295,688,Southeastern Louisiana University,1.92
1247,689,Kirkwood Community College,1.92
1151,690,University of Wisconsin-Green Bay,1.92
336,691,Alexandria Technical & Community College,1.92
1851,692,Rutgers University-Camden,1.92
677,693,Southwest Texas Junior College,1.92
102,694,Broward College,1.91
612,695,West Texas A & M University,1.91
2248,696,The University of Texas at El Paso,1.91
1807,697,University of Michigan-Flint,1.91
804,698,California State Polytechnic University-Pomona,1.91
2136,699,Mountwest Community and Technical College,1.91
806,700,Butte College,1.91
1088,701,Trinity Valley Community College,1.91
1311,702,Cape Cod Community College,1.91
1069,703,University of North Texas,1.91
2092,704,Texas A & M University-Corpus Christi,1.91
2037,705,Western Nevada College,1.91
1556,706,Cuesta College,1.91
673,707,University of Virginia-Main Campus,1.91
357,708,North Carolina State University at Raleigh,1.9
919,709,Kent State University at Ashtabula,1.9
700,710,Brigham Young University-Hawaii,1.9
2063,711,Southern State Community College,1.9
1273,712,Louisiana State University and Agricultural & Mechanical College,1.9
601,713,Sam Houston State University,1.9
1083,714,Paris Junior College,1.9
1492,715,Moberly Area Community College,1.9
71,716,California State University-East Bay,1.9
353,717,University at Buffalo,1.9
2069,718,Murray State College,1.9
1360,719,Meridian Community College,1.9
17,720,South Georgia State College,1.9
1673,721,Imperial Valley College,1.89
564,722,Central Ohio Technical College,1.89
1844,723,Mohawk Valley Community College,1.89
2183,724,Gateway Technical College,1.89
629,725,University of Wisconsin-Stevens Point,1.89
1854,726,Eastern New Mexico University-Roswell Campus,1.89
614,727,Snow College,1.89
2156,728,Milwaukee Area Technical College,1.89
217,729,Ivy Tech Community College,1.89
2207,730,University of Washington-Bothell Campus,1.88
1377,731,Manchester Community College,1.88
1940,732,Western Piedmont Community College,1.88
942,733,SUNY Polytechnic Institute,1.88
1958,734,Northeastern Oklahoma A&M College,1.88
864,735,College of Marin,1.88
2143,736,Florida Gulf Coast University,1.88
51,737,California State University-Bakersfield,1.88
1566,738,Cerro Coso Community College,1.88
1265,739,University of Northern Iowa,1.88
1117,740,Big Bend Community College,1.88
903,741,Sacramento City College,1.88
1127,742,Spokane Falls Community College,1.87
1817,743,Anoka-Ramsey Community College,1.87
279,744,Kennebec Valley Community College,1.87
427,745,New Jersey Institute of Technology,1.87
803,746,California State University-Fresno,1.87
247,747,Northeast Iowa Community College,1.87
1519,748,California State University-Long Beach,1.87
721,749,Volunteer State Community College,1.87
1735,750,Ashland Community and Technical College,1.87
712,751,Southeastern Technical College,1.87
2021,752,Montana State University-Billings,1.87
763,753,Arizona State University-Skysong,1.87
2255,754,Southern Union State Community College,1.87
755,755,University of South Florida-St Petersburg,1.87
1698,756,University of Hawaii at Manoa,1.87
1384,757,Clovis Community College,1.87
1962,758,Mt Hood Community College,1.86
1145,759,University of Wisconsin-Parkside,1.86
607,760,University of Houston,1.86
11,761,Middle Georgia State University,1.86
2197,762,Guam Community College,1.86
964,763,Rockingham Community College,1.86
1571,764,Alabama Southern Community College,1.86
164,765,Polk State College,1.86
1666,766,Capital Community College,1.86
1648,767,Sierra College,1.86
1241,768,Atlanta Technical College,1.86
1181,769,Purdue University-Main Campus,1.86
264,770,Kirtland Community College,1.86
231,771,University of Massachusetts-Boston,1.86
2018,772,Columbia College,1.85
1559,773,Gavilan College,1.85
1518,774,California State University-Sacramento,1.85
97,775,Riverside City College,1.85
1860,776,CUNY LaGuardia Community College,1.85
35,777,West Coast University-Los Angeles,1.85
225,778,University of Iowa,1.85
220,779,Indiana University-East,1.85
315,780,Wayne County Community College District,1.85
902,781,San Jose State University,1.85
52,782,California State University-Stanislaus,1.85
1591,783,Indiana University-Southeast,1.85
334,784,Dakota County Technical College,1.85
1494,785,Stony Brook University,1.85
935,786,University of Mary,1.85
1745,787,Springfield Technical Community College,1.85
1081,788,The University of Texas at Dallas,1.85
1836,789,CUNY Kingsborough Community College,1.84
2249,790,Texas State University,1.84
121,791,College of the Redwoods,1.84
1047,792,Black Hills State University,1.84
2120,793,West Coast University-Ontario,1.84
100,794,Colorado Mountain College,1.84
426,795,Passaic County Community College,1.84
2204,796,Ogeechee Technical College,1.84
135,797,Community College of Denver,1.84
1680,798,Southern Connecticut State University,1.84
606,799,The University of Texas at San Antonio,1.84
2214,800,Patrick Henry Community College,1.84
1465,801,Flathead Valley Community College,1.84
1909,802,James A Rhodes State College,1.84
815,803,Diablo Valley College,1.84
1467,804,Montana State University-Northern,1.83
2002,805,University of South Dakota,1.83
1926,806,Fayetteville State University,1.83
2215,807,Virginia Polytechnic Institute and State University,1.83
1529,808,University of North Alabama,1.83
1605,809,Eastern Iowa Community College District,1.83
566,810,Dakota State University,1.83
847,811,Mt San Jacinto Community College District,1.83
839,812,Los Angeles City College,1.83
1400,813,CUNY Borough of Manhattan Community College,1.83
1896,814,SUNY Empire State College,1.83
1677,815,Pickens Technical College,1.82
1754,816,Berkshire Community College,1.82
1569,817,Black River Technical College,1.82
544,818,Isothermal Community College,1.82
49,819,California State University-San Bernardino,1.82
744,820,Sussex County Community College,1.82
1304,821,Towson University,1.82
2032,822,Missouri Western State University,1.82
754,823,Georgia Gwinnett College,1.82
137,824,Central Connecticut State University,1.82
1701,825,Lewis-Clark State College,1.82
846,826,Los Angeles Valley College,1.82
1080,827,Navarro College,1.82
1048,828,Spartanburg Community College,1.82
1971,829,Greenville Technical College,1.82
2090,830,Northern State University,1.82
1358,831,Mississippi Gulf Coast Community College,1.82
1388,832,Cumberland County College,1.82
773,833,West Hills College-Lemoore,1.81
1678,834,Ohlone College,1.81
301,835,Normandale Community College,1.81
602,836,Texas A & M University-Kingsville,1.81
741,837,Arizona State University-West,1.81
1303,838,Lake Michigan College,1.81
2213,839,Danville Community College,1.81
1274,840,Northwestern State University of Louisiana,1.81
152,841,Abraham Baldwin Agricultural College,1.81
1671,842,Los Angeles Mission College,1.81
1024,843,Northeast State Community College,1.81
200,844,Auburn University at Montgomery,1.81
1332,845,Northwestern Michigan College,1.81
141,846,Norwalk Community College,1.81
794,847,Bishop State Community College,1.8
576,848,Roane State Community College,1.8
2001,849,Chattanooga State Community College,1.8
358,850,University of North Carolina Wilmington,1.8
1284,851,University of Baltimore,1.8
130,852,Santa Monica College,1.8
774,853,Baton Rouge Community College,1.8
1263,854,Kansas State University,1.8
1164,855,Centralia College,1.8
206,856,University of South Alabama,1.8
1193,857,University of North Florida,1.79
148,858,University of South Florida-Main Campus,1.79
1537,859,Yavapai College,1.79
81,860,Fresno City College,1.79
1717,861,University of Hawaii at Hilo,1.79
1651,862,West Los Angeles College,1.79
124,863,Saddleback College,1.79
896,864,Florida Atlantic University,1.79
2033,865,Park University,1.79
2141,866,EDIC College,1.79
2247,867,The University of Texas at Arlington,1.79
48,868,American River College,1.79
2005,869,Minnesota State University Moorhead,1.79
2150,870,Texas Southmost College,1.79
1490,871,Northwest Missouri State University,1.78
1801,872,Somerset Community College,1.78
2168,873,University of Wisconsin-Madison,1.78
54,874,Cabrillo College,1.78
1458,875,Bemidji State University,1.78
1684,876,University of Georgia,1.78
680,877,Sul Ross State University,1.78
96,878,San Diego State University,1.78
351,879,Great Falls College Montana State University,1.78
2019,880,Saint Louis Community College,1.78
922,881,Northwest State Community College,1.78
291,882,Westfield State University,1.78
524,883,Umpqua Community College,1.77
894,884,University of Central Florida,1.77
166,885,Northwest Florida State College,1.77
1305,886,University of Maryland-Baltimore County,1.77
1103,887,Radford University,1.77
1282,888,Baltimore City Community College,1.77
675,889,Virginia Military Institute,1.77
46,890,University of Arkansas,1.77
1160,891,Peninsula College,1.77
1990,892,Florence-Darlington Technical College,1.77
1660,893,Mission College,1.77
1393,894,The University of Montana-Western,1.77
1342,895,Chesapeake College,1.77
1317,896,Bay de Noc Community College,1.77
899,897,Florida SouthWestern State College,1.77
1829,898,Winona State University,1.76
1689,899,Clayton  State University,1.76
1457,900,Lake Superior College,1.76
1464,901,Montana State University,1.76
1515,902,York County Community College,1.76
1526,903,Troy University,1.76
2172,904,University of Wisconsin-Superior,1.76
162,905,Pensacola State College,1.76
647,906,West Virginia State University,1.76
557,907,Davidson County Community College,1.76
325,908,Granite State College,1.76
157,909,Southwestern Illinois College,1.76
905,910,San Diego City College,1.76
180,911,Gordon State College,1.76
261,912,Oakland University,1.76
1816,913,Saginaw Valley State University,1.75
1779,914,Fletcher Technical Community College,1.75
742,915,Coconino Community College,1.75
244,916,Murray State University,1.75
355,917,University of North Carolina at Greensboro,1.75
1738,918,University of Massachusetts-Lowell,1.75
1795,919,Salisbury University,1.75
631,920,Columbia Central University-Caguas,1.75
58,921,University of Alabama in Huntsville,1.75
1281,922,Southern Maine Community College,1.75
1658,923,Los Angeles Harbor College,1.75
418,924,Kean University,1.74
1030,925,Texas A & M University-Commerce,1.74
1307,926,Bridgewater State University,1.74
735,927,California State University-San Marcos,1.74
1119,928,University of Washington-Seattle Campus,1.74
1462,929,Anoka Technical College,1.74
658,930,Atlantic University College,1.74
4,931,West Coast University-Orange County,1.74
1586,932,Indiana University-Purdue University-Indianapolis,1.74
1495,933,SUNY at Albany,1.74
1456,934,Hopkinsville Community College,1.74
136,935,Colorado State University-Pueblo,1.74
172,936,City Colleges of Chicago-Malcolm X College,1.73
1652,937,Berkeley City College,1.73
306,938,Mississippi University for Women,1.73
1776,939,Bossier Parish Community College,1.73
740,940,Arizona State University-Polytechnic,1.73
1893,941,Appalachian State University,1.73
947,942,Craven Community College,1.73
613,943,Community College of Vermont,1.73
881,944,Western Connecticut State University,1.73
2096,945,The University of Tennessee-Martin,1.73
1959,946,Oklahoma State University-Main Campus,1.73
433,947,CUNY Hostos Community College,1.73
970,948,Cameron University,1.73
1732,949,University of Kansas,1.73
914,950,Hocking College,1.73
560,951,Brunswick Community College,1.73
2086,952,Pellissippi State Community College,1.72
1540,953,Arkansas Tech University,1.72
274,954,Coppin State University,1.72
236,955,Anne Arundel Community College,1.72
933,956,University of North Carolina at Chapel Hill,1.72
1802,957,Big Sandy Community and Technical College,1.71
558,958,Carteret Community College,1.71
838,959,Los Angeles Pierce College,1.71
1966,960,Eastern Oregon University,1.71
719,961,Orangeburg Calhoun Technical College,1.71
2006,962,Hennepin Technical College,1.71
1370,963,Hudson County Community College,1.71
2084,964,Middle Tennessee State University,1.71
1419,965,New Mexico Highlands University,1.71
1118,966,Marshall University,1.71
599,967,The University of Texas at Austin,1.71
1942,968,Surry Community College,1.71
76,969,College of the Desert,1.71
2257,970,Copper Mountain Community College,1.71
1000,971,Reading Area Community College,1.71
966,972,University of Oklahoma-Norman Campus,1.71
1861,973,Herkimer County Community College,1.71
851,974,Santa Barbara City College,1.7
751,975,Pennsylvania College of Health Sciences,1.7
863,976,Taft College,1.7
861,977,West Valley College,1.7
1961,978,Central Oregon Community College,1.7
941,979,SUNY College at Geneseo,1.7
697,980,Vermont Technical College,1.7
1857,981,Nashua Community College,1.7
971,982,Rogers State University,1.7
91,983,Antelope Valley College,1.7
56,984,University of Alabama at Birmingham,1.7
1158,985,Bluefield State College,1.69
2199,986,Northern Marianas College,1.69
522,987,Treasure Valley Community College,1.69
1976,988,York Technical College,1.69
105,989,College of Central Florida,1.69
2244,990,Fairmont State University,1.69
2010,991,University of Central Missouri,1.69
1516,992,Arkansas State University-Mountain Home,1.69
870,993,Pikes Peak Community College,1.69
1246,994,Vincennes University,1.69
873,995,University of Connecticut,1.69
416,996,Santa Fe Community College,1.69
1366,997,University of Nebraska-Lincoln,1.69
1039,998,Horry-Georgetown Technical College,1.69
1914,999,Winston-Salem State University,1.68
249,1000,Hazard Community and Technical College,1.68
1483,1001,University of Nebraska at Kearney,1.68
1299,1002,Ferris State University,1.68
1912,1003,Western Carolina University,1.68
1875,1004,Jamestown Community College,1.68
1330,1005,Michigan State University,1.68
1821,1006,Southwestern Michigan College,1.68
354,1007,North Carolina A & T State University,1.68
1369,1008,New Jersey City University,1.68
1064,1009,Oglala Lakota College,1.68
1192,1010,Florida State University,1.68
551,1011,Richmond Community College,1.68
871,1012,University of Northern Colorado,1.68
381,1013,SUNY Buffalo State,1.68
1040,1014,Piedmont Technical College,1.68
843,1015,Yuba College,1.68
1557,1016,El Camino College-Compton Center,1.67
506,1017,Lane Community College,1.67
1573,1018,Arizona State University-Tempe,1.67
747,1019,California State University-Monterey Bay,1.67
1390,1020,Great Bay Community College,1.67
75,1021,Cosumnes River College,1.67
1098,1022,University of Mary Washington,1.66
313,1023,Three Rivers Community College,1.66
2011,1024,Lincoln University,1.66
603,1025,Prairie View A & M University,1.66
328,1026,Truman State University,1.66
400,1027,Zane State College,1.66
963,1028,Robeson Community College,1.66
352,1029,East Carolina University,1.66
536,1030,Trocaire College,1.66
1747,1031,Salem State University,1.66
1825,1032,North Hennepin Community College,1.66
212,1033,Lurleen B Wallace Community College,1.66
1628,1034,Orange Coast College,1.66
1187,1035,Idaho State University,1.66
2162,1036,Eastern Washington University,1.66
1255,1037,University of Southern Indiana,1.66
2029,1038,University of Missouri-Columbia,1.66
2020,1039,Southeast Missouri State University,1.66
2224,1040,Texarkana College,1.66
1796,1041,Wor-Wic Community College,1.66
179,1042,Columbus State University,1.66
275,1043,Allegany College of Maryland,1.66
1293,1044,Southern University at Shreveport,1.66
1324,1045,Framingham State University,1.66
1915,1046,University of North Carolina at Pembroke,1.65
1588,1047,Indiana University-Bloomington,1.65
385,1048,SUNY College at Brockport,1.65
978,1049,Portland State University,1.65
1487,1050,University of Minnesota-Twin Cities,1.65
1862,1051,CUNY Medgar Evers College,1.65
1374,1052,University of Nevada-Reno,1.65
151,1053,The University of West Florida,1.65
2008,1054,University of Minnesota-Crookston,1.65
474,1055,Maysville Community and Technical College,1.65
2251,1056,Wayland Baptist University,1.65
2196,1057,University of Guam,1.64
1941,1058,Vance-Granville Community College,1.64
270,1059,Spoon River College,1.64
340,1060,Southwest Minnesota State University,1.64
1073,1061,Southern Utah University,1.64
866,1062,Los Angeles Trade Technical College,1.64
1408,1063,Finger Lakes Community College,1.64
273,1064,Bowie State University,1.64
1589,1065,Southern Illinois University-Edwardsville,1.64
1301,1066,Madonna University,1.64
796,1067,Shelton State Community College,1.64
1696,1068,Columbus Technical College,1.64
1327,1069,Greenfield Community College,1.64
1769,1070,Western Kentucky University,1.64
209,1071,Bevill State Community College,1.64
615,1072,University of Wisconsin-Milwaukee,1.64
1102,1073,Old Dominion University,1.64
1840,1074,CUNY Bronx Community College,1.64
1841,1075,Onondaga Community College,1.64
1201,1076,University of West Georgia,1.63
1804,1077,Eastern Michigan University,1.63
77,1078,Evergreen Valley College,1.63
495,1079,University of Maine at Augusta,1.63
1359,1080,Rochester Community and Technical College,1.63
1663,1081,Pueblo Community College,1.63
128,1082,Modesto Junior College,1.63
2163,1083,Central Washington University,1.63
147,1084,State College of Florida-Manatee-Sarasota,1.63
1730,1085,University of Kentucky,1.63
1585,1086,Purdue University-Calumet Campus,1.63
994,1087,Langston University,1.63
2234,1088,College of William and Mary,1.63
987,1089,East Stroudsburg University of Pennsylvania,1.63
549,1090,Wilson Community College,1.62
1395,1091,University of New Mexico-Main Campus,1.62
691,1092,Southside Virginia Community College,1.62
331,1093,Ranken Technical College,1.62
308,1094,Missouri State University-Springfield,1.62
805,1095,University of Central Arkansas,1.62
962,1096,Southwestern Community College,1.62
178,1097,Armstrong State University,1.61
1770,1098,Frostburg State University,1.61
531,1099,University of Pittsburgh-Greensburg,1.61
1199,1100,Boise State University,1.61
1260,1101,Indiana University-South Bend,1.61
2111,1102,Jackson State Community College,1.61
591,1103,Shippensburg University of Pennsylvania,1.61
447,1104,The College of New Jersey,1.61
399,1105,University of Northwestern Ohio,1.61
1563,1106,Chaffey College,1.6
505,1107,Bloomsburg University of Pennsylvania,1.6
1932,1108,University of North Carolina at Asheville,1.6
2129,1109,Arizona State University-Downtown Phoenix,1.6
1135,1110,The University of Virginia's College at Wise,1.6
1286,1111,Southeast Kentucky Community and Technical College,1.6
584,1112,Dyersburg State Community College,1.6
337,1113,Delta State University,1.6
1687,1114,Georgia Southwestern State University,1.6
1603,1115,University of Illinois at Springfield,1.6
1640,1116,Colorado Mesa University,1.6
1729,1117,Eastern Kentucky University,1.6
1357,1118,University of Mississippi,1.59
316,1119,University of Minnesota-Duluth,1.59
999,1120,University of Pittsburgh-Johnstown,1.59
2093,1121,Tennessee Technological University,1.59
840,1122,Colorado State University-Fort Collins,1.59
2026,1123,The University of Montana,1.59
1163,1124,Southwest Virginia Community College,1.59
723,1125,Tennessee State University,1.59
855,1126,San Bernardino Valley College,1.59
1955,1127,Youngstown State University,1.59
901,1128,San Francisco State University,1.59
85,1129,Hartnell College,1.59
1041,1130,University of South Carolina-Aiken,1.59
1765,1131,Mott Community College,1.58
1727,1132,University of Illinois at Chicago,1.58
1945,1133,Coastal Carolina Community College,1.58
356,1134,Tompkins Cortland Community College,1.58
789,1135,Auburn University,1.58
1001,1136,University of Pittsburgh-Bradford,1.58
1746,1137,University of Massachusetts-Dartmouth,1.58
710,1138,Hawaii Community College,1.58
559,1139,South Piedmont Community College,1.57
1542,1140,Southern Arkansas University Main Campus,1.57
1855,1141,NHTI-Concord's Community College,1.57
1453,1142,Saint Augustine College,1.57
1421,1143,Western New Mexico University,1.57
2094,1144,Angelo State University,1.57
570,1145,Citadel Military College of South Carolina,1.57
1567,1146,National Park College,1.57
938,1147,SUNY Cortland,1.56
1558,1148,Contra Costa College,1.56
532,1149,Asheville-Buncombe Technical Community College,1.56
1871,1150,State University of New York at New Paltz,1.56
252,1151,Grand Valley State University,1.56
869,1152,Los Medanos College,1.56
203,1153,Lawson State Community College-Birmingham Campus,1.56
1895,1154,Cape Fear Community College,1.56
1587,1155,Indiana University-Purdue University-Fort Wayne,1.56
817,1156,Columbia College,1.56
1368,1157,Montclair State University,1.56
218,1158,Indiana University-Northwest,1.56
514,1159,Oregon State University,1.55
1824,1160,Mississippi State University,1.55
523,1161,Southwestern Oregon Community College,1.55
1590,1162,Indiana State University,1.55
341,1163,Minnesota State College Southeast,1.55
300,1164,University of Southern Mississippi,1.55
831,1165,Feather River Community College District,1.55
565,1166,Central Carolina Technical College,1.55
1143,1167,Huertas College,1.55
2070,1168,Seminole State College,1.55
195,1169,University of Illinois at Urbana-Champaign,1.55
1643,1170,Community College of Aurora,1.55
765,1171,Azusa Pacific University College,1.54
2031,1172,University of Missouri-Kansas City,1.54
1077,1173,Stephen F Austin State University,1.54
2073,1174,Lock Haven University,1.54
1046,1175,University of South Carolina-Upstate,1.54
1020,1176,The University of Tennessee-Chattanooga,1.53
158,1177,University of Idaho,1.53
814,1178,East Los Angeles College,1.53
1814,1179,Wayne State University,1.53
1731,1180,University of Louisville,1.53
860,1181,West Hills College-Coalinga,1.53
1497,1182,SUNY Oneonta,1.52
2030,1183,University of Missouri-St Louis,1.52
50,1184,California State University-Chico,1.52
811,1185,California State University-Northridge,1.52
637,1186,University of the Virgin Islands,1.52
1380,1187,Eastern New Mexico University-Main Campus,1.52
1672,1188,Los Angeles Southwest College,1.52
1522,1189,University of Arkansas at Little Rock,1.51
1737,1190,University of Massachusetts-Amherst,1.51
1256,1191,Ball State University,1.51
1954,1192,University of Toledo,1.51
1560,1193,Crafton Hills College,1.51
2160,1194,Georgia Piedmont Technical College,1.51
1850,1195,Rutgers University-New Brunswick,1.51
2056,1196,Rogue Community College,1.51
253,1197,Central Michigan University,1.51
554,1198,Catawba Valley Community College,1.5
1870,1199,SUNY College of Technology at Alfred,1.5
2048,1200,Southern Oregon University,1.5
715,1201,University of South Carolina-Columbia,1.5
83,1202,Irvine Valley College,1.5
2082,1203,Pennsylvania State University-Penn State Berks,1.49
182,1204,Southern Crescent Technical College,1.49
2208,1205,Christopher Newport University,1.49
516,1206,Millersville University of Pennsylvania,1.49
957,1207,Haywood Community College,1.49
177,1208,City Colleges of Chicago-Olive-Harvey College,1.49
373,1209,Cleveland State University,1.49
375,1210,Franklin University,1.49
632,1211,Inter American University of Puerto Rico-Bayamon,1.49
1536,1212,Arizona Western College,1.49
1257,1213,Illinois State University,1.48
1182,1214,Pontifical Catholic University of Puerto Rico-Mayaguez,1.48
589,1215,Slippery Rock University of Pennsylvania,1.48
414,1216,William Paterson University of New Jersey,1.48
1664,1217,Eastern Connecticut State University,1.48
456,1218,Molloy College,1.48
1869,1219,SUNY College at Plattsburgh,1.48
186,1220,College of Coastal Georgia,1.48
1867,1221,SUNY College at Oswego,1.48
648,1222,West Liberty University,1.48
950,1223,Sandhills Community College,1.48
1947,1224,Beaufort County Community College,1.48
33,1225,Folsom Lake College,1.48
144,1226,Merritt College,1.48
1122,1227,Western Washington University,1.48
948,1228,Blue Ridge Community College,1.48
908,1229,San Jose City College,1.48
1067,1230,Lamar University,1.47
1023,1231,Austin Peay State University,1.47
1960,1232,University of Oregon,1.47
628,1233,Inter American University of Puerto Rico-Fajardo,1.47
1683,1234,Georgia Southern University,1.47
2242,1235,Washington State University,1.47
968,1236,Wright State University-Main Campus,1.47
143,1237,Mendocino College,1.47
641,1238,Concord University,1.47
852,1239,Sonoma State University,1.47
131,1240,Victor Valley College,1.47
1951,1241,Ohio State University-Main Campus,1.47
214,1242,University of Arizona,1.46
170,1243,Chicago State University,1.46
155,1244,Georgia State University,1.46
567,1245,Tri-County Technical College,1.46
1982,1246,University of Rhode Island,1.46
588,1247,West Chester University of Pennsylvania,1.46
842,1248,Adams State University,1.46
2003,1249,Minneapolis Community and Technical College,1.46
717,1250,Clemson University,1.45
720,1251,University of South Carolina-Beaufort,1.45
1809,1252,Lake Superior State University,1.45
513,1253,Pennsylvania State University-Penn State Harrisburg,1.45
835,1254,Dine College,1.44
1798,1255,Morehead State University,1.44
946,1256,College of the Albemarle,1.44
366,1257,St. Joseph's College-New York,1.44
1331,1258,Northern Michigan University,1.44
1280,1259,University of Maine,1.44
832,1260,Mohave Community College,1.44
187,1261,Augusta Technical College,1.44
1936,1262,Randolph Community College,1.44
802,1263,Northern Arizona University,1.44
1775,1264,Southern University and A & M College,1.43
1946,1265,Central Carolina Community College,1.43
1382,1266,Ramapo College of New Jersey,1.43
2210,1267,Longwood University,1.43
88,1268,University of Arkansas at Monticello,1.43
1138,1269,Inter American University of Puerto Rico-San German,1.43
1203,1270,Georgia College and State University,1.43
1022,1271,The University of Tennessee-Knoxville,1.43
82,1272,Golden West College,1.43
944,1273,Central Piedmont Community College,1.43
2083,1274,University of Memphis,1.42
199,1275,Jacksonville State University,1.42
625,1276,Inter American University of Puerto Rico-Ponce,1.42
627,1277,Inter American University of Puerto Rico-Aguadilla,1.42
1200,1278,Valdosta State University,1.42
2023,1279,Missouri State University-West Plains,1.42
1832,1280,Saint Paul College,1.42
2140,1281,California State University-Channel Islands,1.42
2106,1282,Lamar State College-Port Arthur,1.42
120,1283,San Joaquin Delta College,1.42
912,1284,University of Akron Main Campus,1.42
70,1285,University of California-Berkeley,1.41
2212,1286,Castleton University,1.41
695,1287,Lyndon State College,1.41
1520,1288,Arkansas State University-Main Campus,1.41
1674,1289,Lassen Community College,1.41
1712,1290,Eastern Illinois University,1.41
1944,1291,Mitchell Community College,1.41
1675,1292,Western State Colorado University,1.41
550,1293,Alamance Community College,1.41
1853,1294,New Mexico State University-Main Campus,1.41
87,1295,Henderson State University,1.41
2054,1296,Clarion University of Pennsylvania,1.4
207,1297,University of West Alabama,1.4
1595,1298,Northeastern Illinois University,1.4
511,1299,Pennsylvania State University-Penn State Altoona,1.4
1718,1300,Savannah State University,1.4
1328,1301,Massachusetts Institute of Technology,1.4
1279,1302,University of Southern Maine,1.4
931,1303,North Carolina Central University,1.4
1874,1304,SUNY College of Environmental Science and Forestry,1.4
1997,1305,University of the Sciences,1.39
939,1306,SUNY College of Technology at Delhi,1.39
133,1307,College of the Siskiyous,1.39
510,1308,Pennsylvania State University-Penn State Erie-Behrend College,1.39
2250,1309,Dixie State University,1.39
1498,1310,SUNY College at Potsdam,1.39
1385,1311,Rowan University,1.38
1991,1312,Francis Marion University,1.38
634,1313,Universidad del Sagrado Corazon,1.38
2044,1314,Kettering University,1.38
387,1315,SUNY at Fredonia,1.38
216,1316,Western Illinois University,1.37
1463,1317,University of Minnesota-Morris,1.37
865,1318,Laney College,1.37
992,1319,Mansfield University of Pennsylvania,1.37
1139,1320,Inter American University of Puerto Rico-Barranquitas,1.37
954,1321,Gaston College,1.37
898,1322,Florida Agricultural and Mechanical University,1.36
1642,1323,Fort Lewis College,1.36
1266,1324,Kansas City Kansas Community College,1.36
322,1325,University of New Hampshire-Main Campus,1.36
1972,1326,Coastal Carolina University,1.36
1956,1327,Stark State College,1.35
1021,1328,Temple University,1.35
205,1329,George C Wallace State Community College-Selma,1.35
562,1330,Bowling Green State University-Main Campus,1.35
592,1331,York College Pennsylvania,1.35
657,1332,Universidad Adventista de las Antillas,1.35
1572,1333,Northland Pioneer College,1.34
330,1334,Harris-Stowe State University,1.34
1037,1335,Lander University,1.34
791,1336,University of Montevallo,1.34
985,1337,California University of Pennsylvania,1.34
1188,1338,City Colleges of Chicago-Kennedy-King College,1.34
877,1339,University of the District of Columbia,1.34
624,1340,Milwaukee School of Engineering,1.34
1625,1341,Shawnee Community College,1.34
94,1342,South Arkansas Community College,1.34
2193,1343,Universidad Central de Bayamon,1.33
910,1344,University of Cincinnati-Main Campus,1.33
1555,1345,El Camino Community College District,1.33
68,1346,Charter College,1.33
1815,1347,Western Michigan University,1.33
821,1348,University of California-San Diego,1.33
1953,1349,Ohio University-Main Campus,1.33
2049,1350,Kutztown University of Pennsylvania,1.33
1524,1351,University of California-Irvine,1.33
1525,1352,University of California-Los Angeles,1.33
293,1353,Massachusetts College of Liberal Arts,1.33
409,1354,Navajo Technical University,1.32
1094,1355,Norfolk State University,1.32
12,1356,DeVry University-California,1.32
1454,1357,Southern Illinois University-Carbondale,1.32
112,1358,Delaware State University,1.32
2055,1359,Western Oregon University,1.32
2062,1360,Central Penn College,1.32
1306,1361,Morgan State University,1.32
940,1362,SUNY College of Technology at Canton,1.31
825,1363,University of Arkansas at Pine Bluff,1.31
502,1364,Oklahoma Wesleyan University,1.31
1381,1365,Stockton University,1.31
1546,1366,Barstow Community College,1.3
788,1367,The University of Alabama,1.3
707,1368,Virginia Commonwealth University,1.3
90,1369,Pulaski Technical College,1.3
517,1370,Holy Family University,1.3
929,1371,Shawnee State University,1.3
633,1372,Inter American University of Puerto Rico-Guayama,1.3
1116,1373,Virginia State University,1.29
693,1374,Johnson State College,1.29
1633,1375,Palo Verde College,1.29
1916,1376,University of Mount Olive,1.29
1788,1377,University of Maine at Farmington,1.29
1056,1378,Waynesburg University,1.29
1074,1379,University of Vermont,1.29
1693,1380,Albany State University,1.29
436,1381,D'Youville College,1.28
98,1382,University of Colorado Boulder,1.28
2085,1383,East Tennessee State University,1.28
1176,1384,Indiana University of Pennsylvania-Main Campus,1.28
716,1385,College of Charleston,1.28
2036,1386,Keene State College,1.28
223,1387,Northern Illinois University,1.28
15,1388,DeVry University-Texas,1.28
1827,1389,Jackson State University,1.27
2159,1390,Mid-America Christian University,1.27
14,1391,DeVry University-Ohio,1.27
1044,1392,National American University-Rapid City,1.27
749,1393,University of Phoenix-Hawaii,1.27
86,1394,Harding University,1.27
823,1395,Bryan University,1.27
219,1396,Indiana Wesleyan University-Marion,1.26
786,1397,Le Cordon Bleu College of Culinary Arts-Pasadena,1.26
986,1398,Edinboro University of Pennsylvania,1.26
2187,1399,Glenville State College,1.26
760,1400,DeVry College of New York,1.26
2206,1401,Pennsylvania College of Technology,1.26
1378,1402,Plymouth State University,1.25
761,1403,DeVry University-Florida,1.25
626,1404,Inter American University of Puerto Rico-Arecibo,1.25
2125,1405,DeVry University-Georgia,1.24
530,1406,University of Pittsburgh-Pittsburgh Campus,1.24
745,1407,Le Cordon Bleu College of Culinary Arts-Scottsdale,1.24
13,1408,DeVry University-Illinois,1.24
1759,1409,St Mary's College of Maryland,1.24
1148,1410,Herzing University-Madison,1.24
1846,1411,St Francis College,1.24
1578,1412,Miami Dade College,1.24
1604,1413,University of St Francis,1.23
1618,1414,National Louis University,1.23
1015,1415,Gwynedd Mercy University,1.23
778,1416,Le Cordon Bleu College of Culinary Arts-Atlanta,1.23
1309,1417,University of Maryland Eastern Shore,1.23
2180,1418,Stanford University,1.23
1397,1419,Mercy College,1.23
1623,1420,Rose-Hulman Institute of Technology,1.23
965,1421,Stanly Community College,1.23
1902,1422,Kent State University at Kent,1.23
1423,1423,Vaughn College of Aeronautics and Technology,1.23
2260,1424,Everglades University,1.22
989,1425,Pennsylvania State University-Main Campus,1.22
1925,1426,Guilford Technical Community College,1.22
59,1427,Alabama A & M University,1.22
1471,1428,William Carey University,1.22
1764,1429,Baker College,1.22
1140,1430,Pontifical Catholic University of Puerto Rico-Ponce,1.22
386,1431,SUNY College of Agriculture and Technology at Cobleskill,1.22
57,1432,Alabama State University,1.21
1333,1433,Northwood University,1.21
1892,1434,Touro College,1.21
1364,1435,Mississippi College,1.21
1329,1436,Harvard University,1.2
185,1437,Atlanta Metropolitan State College,1.2
651,1438,Alverno College,1.2
739,1439,Hodges University,1.19
1202,1440,Hawaii Pacific University,1.19
2089,1441,Bethel University,1.19
1868,1442,Morrisville State College,1.19
250,1443,Kentucky State University,1.19
1288,1444,Spalding University,1.19
819,1445,University of California-Davis,1.18
998,1446,Southern Nazarene University,1.18
99,1447,Colorado Technical University-Colorado Springs,1.18
2254,1448,ECPI University,1.18
1881,1449,Briarcliffe College,1.17
1905,1450,Miami University-Oxford,1.17
1819,1451,Siena Heights University,1.17
1749,1452,Worcester Polytechnic Institute,1.17
190,1453,Piedmont College,1.17
1236,1454,Flagler College-St Augustine,1.17
1178,1455,Lackawanna College,1.17
733,1456,Dallas Baptist University,1.17
583,1457,Winthrop University,1.16
649,1458,Cardinal Stritch University,1.16
1137,1459,Inter American University of Puerto Rico-Metro,1.16
1448,1460,MidAmerica Nazarene University,1.16
686,1461,Marymount University,1.16
956,1462,Duke University,1.16
1873,1463,SUNY at Purchase College,1.16
43,1464,Atenas College,1.16
1012,1465,Lehigh University,1.16
2189,1466,Marian University,1.15
376,1467,Central State University,1.15
28,1468,Rasmussen College-Illinois,1.15
1702,1469,Aurora University,1.15
1091,1470,Lubbock Christian University,1.14
2238,1471,Regent University,1.14
1760,1472,Babson College,1.14
365,1473,Monroe College,1.14
575,1474,Southern Adventist University,1.14
1682,1475,Saint Leo University,1.13
1029,1476,Trevecca Nazarene University,1.13
2253,1477,Texas Wesleyan University,1.13
1803,1478,Thomas More College,1.13
1511,1479,EDP University of Puerto Rico Inc-San Juan,1.13
1132,1480,The Evergreen State College,1.13
2236,1481,Wiley College,1.13
1758,1482,Bentley University,1.13
1980,1483,University of Pennsylvania,1.13
69,1484,University of California-Santa Barbara,1.13
2061,1485,Carnegie Mellon University,1.13
2088,1486,Lee University,1.13
1505,1487,Universidad del Turabo,1.13
1165,1488,National University College-Arecibo,1.13
181,1489,Fort Valley State University,1.12
1253,1490,Ashford University,1.12
455,1491,Manhattan College,1.12
1230,1492,Rasmussen College-Florida,1.12
872,1493,Regis University,1.12
764,1494,Louisiana Delta Community College,1.12
1268,1495,Baker University,1.12
1315,1496,Wentworth Institute of Technology,1.12
1610,1497,Grand View University,1.12
1258,1498,ITT Technical Institute-Indianapolis,1.11
1864,1499,Daemen College,1.11
463,1500,Friends University,1.11
2103,1501,Hardin-Simmons University,1.11
1365,1502,Mississippi Valley State University,1.11
635,1503,Universidad Politecnica de Puerto Rico,1.1
1312,1504,Davenport University,1.1
482,1505,Illinois Institute of Technology,1.1
784,1506,Stratford University,1.1
379,1507,Lourdes University,1.1
1866,1508,Stevens Institute of Technology,1.1
2012,1509,Lindenwood University,1.1
221,1510,University of Saint Francis-Fort Wayne,1.1
1787,1511,Xavier University of Louisiana,1.09
2191,1512,Universidad Metropolitana,1.09
89,1513,John Brown University,1.09
1254,1514,Mount Mercy University,1.09
2176,1515,Universidad del Este,1.09
768,1516,National University College-Ponce,1.09
1042,1517,Southern Wesleyan University,1.09
1271,1518,Newman University,1.09
2102,1519,LeTourneau University,1.09
2123,1520,Independence University,1.09
1619,1521,North Park University,1.08
1006,1522,Pioneer Pacific College,1.08
338,1523,Rasmussen College-Minnesota,1.08
818,1524,University of California-Riverside,1.08
1216,1525,Lewis University,1.08
2014,1526,Alcorn State University,1.08
1988,1527,Bryant University,1.08
2,1528,Bob Jones University,1.07
2077,1529,Duquesne University,1.07
1478,1530,The College of Saint Scholastica,1.07
621,1531,Viterbo University,1.07
2109,1532,Lane College,1.07
1979,1533,Misericordia University,1.07
2263,1534,Mech-Tech College,1.07
36,1535,National University College-Rio Grande,1.07
37,1536,Strayer University-Pennsylvania,1.06
2100,1537,University of the Incarnate Word,1.06
776,1538,Strayer University-Tennessee,1.06
2121,1539,Strayer University-Georgia,1.06
369,1540,Rensselaer Polytechnic Institute,1.06
767,1541,Strayer University-North Carolina,1.06
1772,1542,Johns Hopkins University,1.06
923,1543,Mount Saint Joseph University,1.06
2016,1544,Maryville University of Saint Louis,1.06
750,1545,Strayer University-Maryland,1.06
446,1546,Columbia University in the City of New York,1.06
769,1547,Strayer University-Florida,1.06
2185,1548,Lakeland University,1.06
689,1549,Strayer University-Virginia,1.06
5,1550,Strayer University-South Carolina,1.06
2126,1551,Strayer University-Texas,1.06
1430,1552,Trinity Christian College,1.06
1252,1553,Saint Xavier University,1.06
6,1554,Strayer University-Global Region,1.06
2188,1555,Edgewood College,1.05
395,1556,Walsh University,1.05
1531,1557,Faulkner University,1.05
1812,1558,Lawrence Technological University,1.05
770,1559,Southwest University at El Paso,1.05
1190,1560,Benedictine University,1.05
1890,1561,Princeton University,1.05
1923,1562,Case Western Reserve University,1.05
1986,1563,Villanova University,1.05
623,1564,Marquette University,1.05
1629,1565,Humboldt State University,1.05
2071,1566,Oklahoma Christian University,1.04
663,1567,Houston Baptist University,1.04
2110,1568,King University,1.04
1676,1569,Albertus Magnus College,1.04
1072,1570,Texas Southern University,1.04
593,1571,New England Institute of Technology,1.04
684,1572,Rice University,1.04
1611,1573,Upper Iowa University,1.04
1743,1574,Massachusetts College of Art and Design,1.04
1228,1575,Shorter University,1.04
323,1576,Atlantic Cape Community College,1.03
879,1577,Georgetown University,1.03
32,1578,University of California-Merced,1.03
2192,1579,National University College-Bayamon,1.03
2216,1580,Hampton University,1.03
333,1581,Spring Arbor University,1.03
885,1582,Porter and Chester Institute of Stratford,1.03
1865,1583,Dominican College of Blauvelt,1.03
1011,1584,Lancaster Bible College,1.03
1614,1585,William Penn University,1.03
1908,1586,Mount Vernon Nazarene University,1.03
1657,1587,Argosy University-The Art Institute of California-San Diego,1.03
1009,1588,Mount Aloysius College,1.03
849,1589,Mount Saint Mary's University,1.02
117,1590,Yale University,1.02
1882,1591,Adelphi University,1.02
1089,1592,University of Mary Hardin-Baylor,1.02
1194,1593,Keiser University-Ft Lauderdale,1.02
665,1594,East Texas Baptist University,1.02
348,1595,Nebraska Wesleyan University,1.01
2060,1596,Concordia University-Portland,1.01
467,1597,Morningside College,1.01
2221,1598,Texas Lutheran University,1.01
1416,1599,Cornell University,1.01
2051,1600,Gannon University,1.01
1136,1601,Walla Walla University,1.01
444,1602,Clarkson University,1.01
1404,1603,LIM College,1.01
736,1604,Kaplan University-Davenport Campus,1.01
1210,1605,The University of Tampa,1.0
2131,1606,Argosy University-The Art Institute of California-Inland Empire,1.0
1008,1607,Lincoln University,1.0
364,1608,New York Institute of Technology,1.0
1485,1609,Creighton University,1.0
934,1610,Cedarville University,1.0
1845,1611,Saint John Fisher College,1.0
1394,1612,Concordia University-Nebraska,1.0
2108,1613,Lincoln Memorial University,1.0
307,1614,Avila University,1.0
284,1615,Stevenson University,1.0
1615,1616,Saint Ambrose University,0.99
454,1617,Medaille College,0.99
1349,1618,College of Our Lady of the Elms,0.99
226,1619,Drake University,0.99
1719,1620,Chaminade University of Honolulu,0.99
2184,1621,University of Charleston,0.99
1238,1622,Brenau University,0.99
2182,1623,Concordia University-Wisconsin,0.99
39,1624,Embry-Riddle Aeronautical University-Prescott,0.99
103,1625,Embry-Riddle Aeronautical University-Daytona Beach,0.99
1793,1626,Southwestern College,0.99
595,1627,Saint Francis University,0.99
1489,1628,Southwest Baptist University,0.99
520,1629,Harcum College,0.99
525,1630,University of Portland,0.99
1700,1631,Bradley University,0.99
1781,1632,Grambling State University,0.99
1888,1633,College of Mount Saint Vincent,0.99
1843,1634,Rochester Institute of Technology,0.99
501,1635,Linfield College-McMinnville Campus,0.98
1547,1636,University of Mobile,0.98
2152,1637,St. Mary's University,0.98
2107,1638,Cumberland University,0.98
123,1639,University of the Pacific,0.98
1065,1640,Augustana University,0.98
527,1641,Carlow University,0.98
568,1642,University of Sioux Falls,0.98
1450,1643,University of Notre Dame,0.98
1984,1644,Robert Morris University,0.98
258,1645,Andrews University,0.98
2072,1646,Oklahoma Baptist University,0.98
890,1647,Goodwin College,0.97
1901,1648,Caldwell Community College and Technical Institute,0.97
683,1649,University of St Thomas,0.97
1446,1650,Waldorf University,0.97
983,1651,Drexel University,0.97
1436,1652,Marian University,0.97
1101,1653,Liberty University,0.97
1534,1654,Grand Canyon University,0.97
1435,1655,Indiana Institute of Technology,0.97
692,1656,Westminster College,0.97
314,1657,Rockhurst University,0.97
874,1658,Barry University,0.96
294,1659,Merrimack College,0.96
1383,1660,Seton Hall University,0.96
666,1661,Concordia University-Texas,0.96
165,1662,Jacksonville University,0.96
1886,1663,Rivier University,0.96
393,1664,Ohio Northern University,0.96
288,1665,Assumption College,0.96
1887,1666,Mount Saint Mary College,0.96
396,1667,Franciscan University of Steubenville,0.96
2034,1668,Missouri Baptist University,0.96
1211,1669,Southeastern University,0.96
350,1670,Hastings College,0.96
1468,1671,College of the Ozarks,0.96
349,1672,Midland University,0.96
1636,1673,Pacific Union College,0.96
163,1674,Nova Southeastern University,0.96
1262,1675,University of Indianapolis,0.96
1876,1676,Marist College,0.95
556,1677,Elon University,0.95
1174,1678,Bucknell University,0.95
285,1679,Boston College,0.95
208,1680,Samford University,0.95
377,1681,Malone University,0.95
1363,1682,Belhaven University,0.95
1550,1683,Miles College,0.95
1715,1684,Elmhurst College,0.95
1159,1685,Saint Martin's University,0.95
229,1686,Loras College,0.94
84,1687,Fresno Pacific University,0.94
1434,1688,Dominican University,0.94
2076,1689,Lafayette College,0.94
1889,1690,Saint Anselm College,0.94
1503,1691,Argosy University-The Art Institute of California-Hollywood,0.94
2222,1692,Southwestern Assemblies of God University,0.94
2042,1693,Saint Johns University,0.94
1062,1694,Christian Brothers University,0.94
891,1695,Fairfield University,0.94
1375,1696,Southern New Hampshire University,0.94
650,1697,Carroll University,0.94
1225,1698,Northwestern University,0.94
548,1699,Queens University of Charlotte,0.94
856,1700,Santa Clara University,0.94
2058,1701,Cedar Crest College,0.94
681,1702,Our Lady of the Lake University,0.94
1480,1703,Saint Mary's University of Minnesota,0.94
1711,1704,Trinity Washington University,0.94
1472,1705,Concordia University-Saint Paul,0.94
1427,1706,Siena College,0.94
1027,1707,Tusculum College,0.93
1517,1708,Virginia College-Birmingham,0.93
394,1709,Tiffin University,0.93
795,1710,Huntingdon College,0.93
2017,1711,Evangel University,0.93
1466,1712,Carroll College,0.93
701,1713,Trinity University,0.93
1109,1714,Texas Christian University,0.93
268,1715,McKendree University,0.93
473,1716,Dillard University,0.93
1321,1717,Northeastern University,0.93
367,1718,Nyack College,0.93
915,1719,University of Dayton,0.93
820,1720,University of California-Santa Cruz,0.93
1003,1721,Pittsburgh Technical College,0.92
709,1722,Gonzaga University,0.92
448,1723,Felician University,0.92
586,1724,Carson-Newman University,0.92
2009,1725,Bethel University,0.92
553,1726,Baldwin Wallace University,0.92
1053,1727,Wilkes University,0.92
1316,1728,Western New England University,0.92
1343,1729,Endicott College,0.92
1016,1730,Immaculata University,0.92
1025,1731,Lipscomb University,0.92
339,1732,St Catherine University,0.92
228,1733,University of Dubuque,0.92
192,1734,Reinhardt University,0.92
329,1735,Missouri Valley College,0.92
1474,1736,Concordia College at Moorhead,0.91
571,1737,Salve Regina University,0.91
685,1738,Schreiner University,0.91
1545,1739,Ouachita Baptist University,0.91
2050,1740,La Salle University,0.91
1239,1741,Emory University,0.91
1234,1742,Florida Southern College,0.91
401,1743,Muskingum University,0.91
466,1744,Simpson College,0.91
1014,1745,Geneva College,0.91
1877,1746,Iona College,0.91
1506,1747,Vatterott College-Berkeley,0.91
1637,1748,Point Loma Nazarene University,0.91
1371,1749,Monmouth University,0.91
1974,1750,North Greenville University,0.9
884,1751,Quinnipiac University,0.9
924,1752,University of Mount Union,0.9
173,1753,Concordia University-Chicago,0.9
1433,1754,Butler University,0.9
1287,1755,University of Pikeville,0.9
1431,1756,Bethel College-Indiana,0.9
487,1757,Grace College and Theological Seminary,0.9
1007,1758,Neumann University,0.9
255,1759,University of Detroit Mercy,0.89
492,1760,Saint Mary's College,0.89
2175,1761,Saint Norbert College,0.89
1439,1762,Dordt College,0.89
1752,1763,Stonehill College,0.89
1034,1764,The Art Institute of Houston,0.89
2038,1765,Dartmouth College,0.89
1477,1766,University of St Thomas,0.89
587,1767,Freed-Hardeman University,0.89
537,1768,Nazareth College,0.89
1496,1769,Technical Career Institutes,0.89
1473,1770,Hamline University,0.89
1261,1771,Harrison College-Indianapolis,0.89
1052,1772,Saint Joseph's University,0.89
519,1773,La Roche College,0.89
2043,1774,Hope College,0.89
1621,1775,North Central College,0.88
489,1776,Trine University,0.88
858,1777,University of Southern California,0.88
469,1778,Central Christian College of Kansas,0.88
265,1779,Robert Morris University Illinois,0.88
138,1780,Sacred Heart University,0.88
53,1781,Azusa Pacific University,0.88
286,1782,American International College,0.88
1302,1783,Cornerstone University,0.88
227,1784,Graceland University-Lamoni,0.88
1937,1785,The University of Findlay,0.88
518,1786,King's College,0.88
389,1787,St. Thomas Aquinas College,0.88
167,1788,Palm Beach Atlantic University,0.88
1773,1789,Mount St Mary's University,0.88
122,1790,San Joaquin Valley College-Visalia,0.88
509,1791,Alvernia University,0.87
696,1792,Eastern Mennonite University,0.87
996,1793,Xavier University,0.87
1002,1794,Philadelphia University,0.87
312,1795,Webster University,0.87
1697,1796,Point University,0.87
1035,1797,Vanderbilt University,0.87
2113,1798,McCann School of Business & Technology,0.87
490,1799,Valparaiso University,0.87
1184,1800,DePaul University,0.87
1928,1801,Gardner-Webb University,0.87
1973,1802,Limestone College,0.87
1708,1803,George Washington University,0.87
1714,1804,University of Chicago,0.87
1348,1805,Simmons College,0.87
292,1806,Suffolk University,0.87
471,1807,University of the Cumberlands,0.87
370,1808,Niagara University,0.87
441,1809,Keuka College,0.87
1707,1810,Wesley College,0.87
2024,1811,Washington University in St Louis,0.86
1376,1812,Berkeley College-Woodland Park,0.86
1347,1813,Tufts University,0.86
1499,1814,Wagner College,0.86
257,1815,Calvin College,0.86
1818,1816,Augsburg College,0.86
1800,1817,Sullivan University,0.86
529,1818,Elizabethtown College,0.86
1635,1819,University of San Diego,0.86
960,1820,Ohio Christian University,0.86
878,1821,Catholic University of America,0.86
450,1822,Caldwell University,0.86
921,1823,Ohio Dominican University,0.86
875,1824,Howard University,0.86
949,1825,Wingate University,0.86
1704,1826,Northwest Nazarene University,0.86
2059,1827,DeSales University,0.86
1847,1828,The Sage Colleges,0.86
958,1829,John Carroll University,0.85
1036,1830,Charleston Southern University,0.85
596,1831,Brown University,0.85
1594,1832,University of Evansville,0.85
468,1833,Benedictine College,0.85
269,1834,Olivet Nazarene University,0.85
1479,1835,University of Northwestern-St Paul,0.85
1245,1836,Augustana College,0.85
2229,1837,Seattle University,0.85
672,1838,The Art Institute of Seattle,0.85
1386,1839,Fairleigh Dickinson University-Metropolitan Campus,0.85
1038,1840,Widener University,0.85
798,1841,Tuskegee University,0.85
488,1842,Buena Vista University,0.84
718,1843,South Carolina State University,0.84
678,1844,Saint Edward's University,0.84
1596,1845,Loyola University Chicago,0.84
79,1846,Claremont McKenna College,0.84
1616,1847,Wartburg College,0.84
725,1848,Abilene Christian University,0.84
222,1849,Manchester University,0.84
1389,1850,Centenary University,0.84
1428,1851,Roberts Wesleyan College,0.84
1488,1852,Drury University,0.84
1998,1853,Moravian College,0.84
679,1854,Southern Methodist University,0.84
1346,1855,College of the Holy Cross,0.84
1180,1856,Lebanon Valley College,0.84
1645,1857,University of Denver,0.84
808,1858,California Baptist University,0.84
1337,1859,Bay Path University,0.84
1338,1860,Loyola University Maryland,0.84
1054,1861,Roger Williams University,0.84
119,1862,University of San Francisco,0.84
1838,1863,Berkeley College-New York,0.84
1748,1864,Springfield College,0.84
827,1865,University of La Verne,0.84
988,1866,Eastern University,0.84
402,1867,Notre Dame College,0.84
1879,1868,Le Moyne College,0.84
1491,1869,Saint Louis University,0.83
1415,1870,Canisius College,0.83
1968,1871,George Fox University,0.83
1222,1872,Millikin University,0.83
451,1873,Georgian Court University,0.83
1055,1874,University of Scranton,0.83
2239,1875,Union University,0.83
1933,1876,North Carolina Wesleyan College,0.83
930,1877,University of Rio Grande,0.83
1075,1878,Champlain College,0.83
1848,1879,St Bonaventure University,0.82
1411,1880,Culinary Institute of America,0.82
1444,1881,Asbury University,0.82
362,1882,Pace University-New York,0.82
676,1883,Washington and Lee University,0.82
1597,1884,The Illinois Institute of Art-Chicago,0.82
876,1885,The Art Institute of Fort Lauderdale,0.82
1897,1886,Campbell University,0.82
753,1887,Uta Mesivta of Kiryas Joel,0.82
936,1888,Meredith College,0.82
975,1889,Oklahoma City University,0.82
1010,1890,Messiah College,0.82
1943,1891,Wake Forest University,0.82
1622,1892,Central College,0.82
486,1893,Anderson University,0.82
687,1894,Shenandoah University,0.82
1481,1895,College of Saint Benedict,0.82
1318,1896,Aquinas College,0.82
2217,1897,Virginia Union University,0.82
974,1898,Oral Roberts University,0.81
1438,1899,Coe College,0.81
555,1900,Belmont Abbey College,0.81
552,1901,Ashland University,0.81
2065,1902,Otterbein University,0.81
2262,1903,Florida National University-Main Campus,0.81
2000,1904,Westminster College,0.81
1004,1905,University of Tulsa,0.81
1179,1906,Keystone College,0.81
1996,1907,Seton Hill University,0.81
1026,1908,Belmont University,0.81
1013,1909,Muhlenberg College,0.81
1326,1910,Curry College,0.81
1987,1911,Providence College,0.81
470,1912,Campbellsville University,0.81
1650,1913,Colorado Christian University,0.81
2235,1914,Bridgewater College,0.81
1706,1915,Bethune-Cookman University,0.81
1644,1916,The Art Institute of Colorado,0.81
280,1917,Saint Joseph's College of Maine,0.81
1600,1918,Roosevelt University,0.81
483,1919,Illinois Wesleyan University,0.8
440,1920,LIU Brooklyn,0.8
1654,1921,Woodbury University,0.8
189,1922,Mercer University,0.8
980,1923,Albright College,0.8
434,1924,Dowling College,0.8
545,1925,Shaw University,0.8
1475,1926,Gustavus Adolphus College,0.8
272,1927,Wheaton College,0.8
1532,1928,Spring Hill College,0.8
722,1929,Baylor University,0.8
727,1930,Austin College,0.8
953,1931,Lenoir-Rhyne University,0.8
1993,1932,Anderson University,0.8
1442,1933,Bellarmine University,0.8
2211,1934,Norwich University,0.8
1582,1935,University of Miami,0.8
1066,1936,Wofford College,0.8
1564,1937,Concordia University-Irvine,0.8
1742,1938,Nichols College,0.8
652,1939,Seattle Pacific University,0.8
1883,1940,Saint Peter's University,0.79
1583,1941,AI Miami International University of Art and Design,0.79
1426,1942,The College of Saint Rose,0.79
533,1943,United Talmudical Seminary,0.79
526,1944,Cabrini University,0.79
1999,1945,Saint Vincent College,0.79
1420,1946,Alfred University,0.79
883,1947,American University,0.79
1584,1948,Florida Memorial University,0.79
1410,1949,Fordham University,0.79
1233,1950,Florida Institute of Technology,0.79
118,1951,Trinity College,0.79
281,1952,Boston University,0.79
1406,1953,Hamilton College,0.79
415,1954,Rider University,0.78
297,1955,Hood College,0.78
2227,1956,Pacific Lutheran University,0.78
461,1957,New York University,0.78
239,1958,Lasell College,0.78
868,1959,The Master's University and Seminary,0.78
1767,1960,Adrian College,0.78
125,1961,Loyola Marymount University,0.78
1500,1962,Union College,0.78
538,1963,High Point University,0.78
1898,1964,Syracuse University,0.78
1153,1965,Carthage College,0.78
1418,1966,Colgate University,0.78
1922,1967,Capital University,0.78
573,1968,Washington & Jefferson College,0.78
1985,1969,Point Park University,0.78
1226,1970,Monmouth College,0.78
140,1971,Post University,0.77
688,1972,Lynchburg College,0.77
1058,1973,Susquehanna University,0.77
959,1974,Marietta College,0.77
1105,1975,University of Richmond,0.77
528,1976,Chestnut Hill College,0.77
1634,1977,Pepperdine University,0.77
882,1978,University of New Haven,0.77
40,1979,Johnson & Wales University-Denver,0.77
1402,1980,Hofstra University,0.77
1344,1981,Gordon College,0.76
1502,1982,Johnson & Wales University-North Miami,0.76
382,1983,St John's University-New York,0.76
1451,1984,DePauw University,0.76
1950,1985,Davidson College,0.76
479,1986,Lincoln College,0.76
238,1987,Mount Ida College,0.76
491,1988,Taylor University,0.76
1235,1989,Full Sail University,0.76
439,1990,LIU Post,0.76
289,1991,McDaniel College,0.76
1994,1992,Claflin University,0.76
1668,1993,Vanguard University of Southern California,0.76
1931,1994,Catawba College,0.76
397,1995,Wilmington College,0.75
777,1996,Johnson & Wales University-Charlotte,0.75
880,1997,University of Hartford,0.75
1076,1998,Saint Michael's College,0.75
807,1999,Academy of Art University,0.75
1292,2000,Tulane University of Louisiana,0.75
1351,2001,Albion College,0.75
1753,2002,Becker College,0.75
2075,2003,Marywood University,0.75
1744,2004,Regis College,0.75
1899,2005,Utica College,0.75
1217,2006,Kendall College,0.75
193,2007,Young Harris College,0.75
1240,2008,Oglethorpe University,0.75
1387,2009,Bloomfield College,0.75
1543,2010,Biola University,0.74
1424,2011,Barnard College,0.74
230,2012,Luther College,0.74
1126,2013,West Virginia Wesleyan College,0.74
1656,2014,La Sierra University,0.74
1320,2015,Alma College,0.74
945,2016,Chowan University,0.74
1763,2017,Emmanuel College,0.74
1797,2018,Anna Maria College,0.74
1757,2019,Clark University,0.74
1169,2020,Vista College,0.74
1784,2021,Berea College,0.74
714,2022,Johnson & Wales University-Providence,0.74
644,2023,Whitworth University,0.74
2052,2024,Gettysburg College,0.74
515,2025,Mercyhurst University,0.74
2074,2026,Lycoming College,0.74
1099,2027,Mary Baldwin University,0.73
1695,2028,Berry College,0.73
539,2029,Johnson C Smith University,0.73
324,2030,Franklin Pierce University,0.73
298,2031,Bowdoin College,0.73
1219,2032,Lake Forest College,0.73
2218,2033,Virginia Wesleyan College,0.73
321,2034,St Olaf College,0.73
690,2035,Randolph-Macon College,0.73
2078,2036,Delaware Valley University,0.73
1790,2037,Colby College,0.73
809,2038,California Lutheran University,0.73
535,2039,Yeshiva University,0.73
1452,2040,Hanover College,0.73
1552,2041,Birmingham Southern College,0.73
812,2042,Chapman University,0.73
1630,2043,University of Redlands,0.73
360,2044,Mars Hill University,0.72
541,2045,Livingstone College,0.72
1231,2046,Spelman College,0.72
579,2047,Maryville College,0.72
1162,2048,Roanoke College,0.72
1691,2049,The Art Institute of Atlanta,0.72
184,2050,Clark Atlanta University,0.72
1283,2051,University of New England,0.72
1667,2052,Saint Mary's College of California,0.72
1878,2053,Ithaca College,0.72
2226,2054,Southwestern University,0.72
457,2055,Manhattanville College,0.72
1341,2056,Amherst College,0.72
828,2057,FIDM-Fashion Institute of Design & Merchandising-Los Angeles,0.72
816,2058,Dominican University of California,0.72
2137,2059,Fairleigh Dickinson University-Florham Campus,0.72
388,2060,University of Rochester,0.71
1278,2061,Centre College,0.71
1736,2062,Lindsey Wilson College,0.71
1319,2063,College for Creative Studies,0.71
508,2064,The Art Institute of Philadelphia,0.71
2105,2065,University of Dallas,0.71
1930,2066,Miller-Motte College-Wilmington,0.71
1017,2067,Franklin and Marshall College,0.71
1173,2068,Dickinson College,0.7
1276,2069,Loyola University New Orleans,0.7
55,2070,Art Center College of Design,0.7
698,2071,Middlebury College,0.7
2209,2072,American National University,0.7
521,2073,Juniata College,0.7
2091,2074,Sewanee-The University of the South,0.7
578,2075,Rhodes College,0.7
1043,2076,Columbia College,0.7
1185,2077,Columbia College Chicago,0.69
478,2078,Bates College,0.69
296,2079,Washington College,0.69
1352,2080,Wellesley College,0.69
437,2081,Elmira College,0.68
287,2082,Emerson College,0.68
139,2083,University of Bridgeport,0.68
2079,2084,Bryn Mawr College,0.68
1345,2085,Brandeis University,0.68
1880,2086,Marymount Manhattan College,0.67
1325,2087,Fisher College,0.67
1354,2088,Williams College,0.67
694,2089,Ferrum College,0.67
862,2090,Westmont College,0.67
2039,2091,Colby-Sawyer College,0.67
2067,2092,Wittenberg University,0.67
1653,2093,Whittier College,0.66
1398,2094,The College of New Rochelle,0.66
982,2095,Allegheny College,0.66
981,2096,Arcadia University,0.66
1005,2097,Pacific University,0.66
893,2098,Connecticut College,0.66
1405,2099,Hobart William Smith Colleges,0.66
1929,2100,Guilford College,0.66
1995,2101,Furman University,0.66
1927,2102,Methodist University,0.66
442,2103,Hartwick College,0.66
106,2104,Lynn University,0.65
406,2105,Columbus College of Art and Design,0.65
1939,2106,Denison University,0.65
713,2107,Everest University-South Orlando,0.65
654,2108,University of Puget Sound,0.65
580,2109,Ursinus College,0.64
857,2110,Pomona College,0.64
1723,2111,Rollins College,0.64
1212,2112,Stetson University,0.64
1379,2113,New England College,0.63
1399,2114,Pratt Institute-Main,0.63
792,2115,Oakwood University,0.63
1750,2116,Wheaton College,0.63
503,2117,Lewis & Clark College,0.63
1429,2118,Skidmore College,0.63
240,2119,Lesley University,0.62
1849,2120,St Lawrence University,0.62
572,2121,Rhode Island School of Design,0.62
343,2122,Carleton College,0.62
191,2123,Morehouse College,0.62
886,2124,Wesleyan University,0.62
534,2125,School of Visual Arts,0.61
2068,2126,The College of Wooster,0.61
368,2127,The New School,0.61
900,2128,Eckerd College,0.61
405,2129,Kenyon College,0.61
1336,2130,Kalamazoo College,0.61
2201,2131,Beloit College,0.61
2080,2132,Willamette University,0.6
2259,2133,ASA College,0.6
1992,2134,Benedict College,0.59
1440,2135,Grinnell College,0.59
2053,2136,Haverford College,0.59
2066,2137,Ohio Wesleyan University,0.58
581,2138,Swarthmore College,0.58
1948,2139,Vassar College,0.58
484,2140,Knox College,0.58
646,2141,Whitman College,0.57
1156,2142,Lawrence University,0.57
295,2143,Mount Holyoke College,0.57
1679,2144,Occidental College,0.57
101,2145,Colorado College,0.56
1350,2146,Smith College,0.56
1227,2147,Savannah College of Art and Design,0.55
1570,2148,Hendrix College,0.55
1755,2149,Dean College,0.55
452,2150,Drew University,0.55
1476,2151,Macalester College,0.54
1340,2152,Goucher College,0.53
810,2153,California College of the Arts,0.52
1198,2154,Ringling College of Art and Design,0.52
1339,2155,Maryland Institute College of Art,0.51
2081,2156,Reed College,0.47
458,2157,American Musical and Dramatic Academy,0.47
943,2158,Sarah Lawrence College,0.46
1703,2159,School of the Art Institute of Chicago,0.45
594,2160,The University of the Arts,0.44
403,2161,Oberlin College,0.44
459,2162,Bard College,0.42
1756,2163,Berklee College of Music,0.36
290,2164,Hampshire College,0.33
